INSERT INTO ARMIES(ID,PLAYER_RACE,ARMY_POINTS)VALUES(7,'Dwarfs',2500);
INSERT INTO ARMY_UNIT(ID,ARMY_ID,UNIT_NAME,NUM_UNITS)VALUES(71,7,'Dwarfs:Thunderers',10);
INSERT INTO ARMY_UNIT_EQUIPMENT(ARMY_UNIT_ID,EQUIPMENT_ID)VALUES(71,187);
INSERT INTO ARMY_UNIT(ID,ARMY_ID,UNIT_NAME,NUM_UNITS)VALUES(72,7,'Dwarfs:Quarrellers',10);
INSERT INTO ARMY_UNIT_EQUIPMENT(ARMY_UNIT_ID,EQUIPMENT_ID)VALUES(72,187);
INSERT INTO ARMY_UNIT(ID,ARMY_ID,UNIT_NAME,NUM_UNITS)VALUES(73,7,'Dwarfs:Dwarf warriors',29);
INSERT INTO ARMY_UNIT_UTILITY(ARMY_UNIT_ID,UTILITY_ID)VALUES(73,57);
INSERT INTO ARMY_UNIT_EQUIPMENT(ARMY_UNIT_ID,EQUIPMENT_ID)VALUES(73,188);
INSERT INTO ARMY_UNIT_EQUIPMENT(ARMY_UNIT_ID,EQUIPMENT_ID)VALUES(73,187);
INSERT INTO ARMY_UNIT_EQUIPMENT(ARMY_UNIT_ID,EQUIPMENT_ID)VALUES(73,189);
INSERT INTO ARMY_UNIT_EQUIPMENT(ARMY_UNIT_ID,EQUIPMENT_ID)VALUES(73,351);
INSERT INTO ARMY_UNIT(ID,ARMY_ID,UNIT_NAME,NUM_UNITS)VALUES(74,7,'Dwarfs:Miners',10);
INSERT INTO ARMY_UNIT_UTILITY(ARMY_UNIT_ID,UTILITY_ID)VALUES(74,59);
INSERT INTO ARMY_UNIT_EQUIPMENT(ARMY_UNIT_ID,EQUIPMENT_ID)VALUES(74,354);
INSERT INTO ARMY_UNIT(ID,ARMY_ID,UNIT_NAME,NUM_UNITS)VALUES(75,7,'Dwarfs:Grudge Thrower',1);
INSERT INTO ARMY_UNIT_UTILITY(ARMY_UNIT_ID,UTILITY_ID)VALUES(75,71);
INSERT INTO ARMY_UNIT_UTILITY(ARMY_UNIT_ID,UTILITY_ID)VALUES(75,77);
INSERT INTO ARMY_UNIT_EQUIPMENT(ARMY_UNIT_ID,EQUIPMENT_ID)VALUES(75,353);
INSERT INTO ARMY_UNIT_EQUIPMENT(ARMY_UNIT_ID,EQUIPMENT_ID)VALUES(75,356);
INSERT INTO ARMY_UNIT_EQUIPMENT(ARMY_UNIT_ID,EQUIPMENT_ID)VALUES(75,333);
INSERT INTO ARMY_UNIT(ID,ARMY_ID,UNIT_NAME,NUM_UNITS)VALUES(76,7,'Dwarfs:Cannon',1);
INSERT INTO ARMY_UNIT_UTILITY(ARMY_UNIT_ID,UTILITY_ID)VALUES(76,71);
INSERT INTO ARMY_UNIT_UTILITY(ARMY_UNIT_ID,UTILITY_ID)VALUES(76,77);
INSERT INTO ARMY_UNIT_EQUIPMENT(ARMY_UNIT_ID,EQUIPMENT_ID)VALUES(76,329);
INSERT INTO ARMY_UNIT_EQUIPMENT(ARMY_UNIT_ID,EQUIPMENT_ID)VALUES(76,353);
INSERT INTO ARMY_UNIT(ID,ARMY_ID,UNIT_NAME,NUM_UNITS)VALUES(77,7,'Dwarfs:Ironbreaker',19);
INSERT INTO ARMY_UNIT_UTILITY(ARMY_UNIT_ID,UTILITY_ID)VALUES(77,62);
INSERT INTO ARMY_UNIT_EQUIPMENT(ARMY_UNIT_ID,EQUIPMENT_ID)VALUES(77,192);
INSERT INTO ARMY_UNIT_EQUIPMENT(ARMY_UNIT_ID,EQUIPMENT_ID)VALUES(77,193);
INSERT INTO ARMY_UNIT(ID,ARMY_ID,UNIT_NAME,NUM_UNITS)VALUES(78,7,'Dwarfs:Hammerers',23);
INSERT INTO ARMY_UNIT_UTILITY(ARMY_UNIT_ID,UTILITY_ID)VALUES(78,66);
INSERT INTO ARMY_UNIT_EQUIPMENT(ARMY_UNIT_ID,EQUIPMENT_ID)VALUES(78,192);
INSERT INTO ARMY_UNIT_EQUIPMENT(ARMY_UNIT_ID,EQUIPMENT_ID)VALUES(78,193);
INSERT INTO ARMY_UNIT(ID,ARMY_ID,UNIT_NAME,NUM_UNITS)VALUES(79,7,'Dwarfs:Organ Gun',2);
INSERT INTO ARMY_UNIT_UTILITY(ARMY_UNIT_ID,UTILITY_ID)VALUES(79,71);
INSERT INTO ARMY_UNIT(ID,ARMY_ID,UNIT_NAME,NUM_UNITS)VALUES(80,7,'Dwarfs:Thane',1);
INSERT INTO ARMY_UNIT_EQUIPMENT(ARMY_UNIT_ID,EQUIPMENT_ID)VALUES(80,198);
INSERT INTO ARMY_UNIT_EQUIPMENT(ARMY_UNIT_ID,EQUIPMENT_ID)VALUES(80,296);
INSERT INTO ARMY_UNIT_EQUIPMENT(ARMY_UNIT_ID,EQUIPMENT_ID)VALUES(80,287);
INSERT INTO ARMY_UNIT_EQUIPMENT(ARMY_UNIT_ID,EQUIPMENT_ID)VALUES(80,290);
INSERT INTO ARMY_UNIT(ID,ARMY_ID,UNIT_NAME,NUM_UNITS)VALUES(81,7,'Dwarfs:Runesmith',1);
INSERT INTO ARMY_UNIT_EQUIPMENT(ARMY_UNIT_ID,EQUIPMENT_ID)VALUES(81,170);
INSERT INTO ARMY_UNIT_EQUIPMENT(ARMY_UNIT_ID,EQUIPMENT_ID)VALUES(81,316);
INSERT INTO ARMY_UNIT_EQUIPMENT(ARMY_UNIT_ID,EQUIPMENT_ID)VALUES(81,323);
INSERT INTO ARMY_UNIT(ID,ARMY_ID,UNIT_NAME,NUM_UNITS)VALUES(82,7,'Dwarfs:Master Engineer',1);
INSERT INTO ARMY_UNIT_EQUIPMENT(ARMY_UNIT_ID,EQUIPMENT_ID)VALUES(82,349);
INSERT INTO ARMY_UNIT(ID,ARMY_ID,UNIT_NAME,NUM_UNITS)VALUES(93,7,'Dwarfs:Dwarf Lord',1);
INSERT INTO ARMY_UNIT_UTILITY(ARMY_UNIT_ID,UTILITY_ID)VALUES(93,86);
INSERT INTO ARMY_UNIT_EQUIPMENT(ARMY_UNIT_ID,EQUIPMENT_ID)VALUES(93,342);
INSERT INTO ARMY_UNIT_EQUIPMENT(ARMY_UNIT_ID,EQUIPMENT_ID)VALUES(93,300);
INSERT INTO ARMY_UNIT_EQUIPMENT(ARMY_UNIT_ID,EQUIPMENT_ID)VALUES(93,298);
INSERT INTO ARMY_UNIT_EQUIPMENT(ARMY_UNIT_ID,EQUIPMENT_ID)VALUES(93,301);
