INSERT INTO ARMIES(ID,PLAYER_RACE,ARMY_POINTS)VALUES(6,'Dwarfs',2500);
INSERT INTO ARMY_UNIT(ID,ARMY_ID,UNIT_NAME,NUM_UNITS)VALUES(60,6,'Dwarfs:Dwarf Lord',1);
INSERT INTO ARMY_UNIT_UTILITY(ARMY_UNIT_ID,UTILITY_ID)VALUES(60,86);
INSERT INTO ARMY_UNIT_EQUIPMENT(ARMY_UNIT_ID,EQUIPMENT_ID)VALUES(60,342);
INSERT INTO ARMY_UNIT_EQUIPMENT(ARMY_UNIT_ID,EQUIPMENT_ID)VALUES(60,319);
INSERT INTO ARMY_UNIT_EQUIPMENT(ARMY_UNIT_ID,EQUIPMENT_ID)VALUES(60,300);
INSERT INTO ARMY_UNIT_EQUIPMENT(ARMY_UNIT_ID,EQUIPMENT_ID)VALUES(60,298);
INSERT INTO ARMY_UNIT_EQUIPMENT(ARMY_UNIT_ID,EQUIPMENT_ID)VALUES(60,301);
INSERT INTO ARMY_UNIT_EQUIPMENT(ARMY_UNIT_ID,EQUIPMENT_ID)VALUES(60,327);
INSERT INTO ARMY_UNIT(ID,ARMY_ID,UNIT_NAME,NUM_UNITS)VALUES(94,6,'Dwarfs:Dragon Slayer',1);
INSERT INTO ARMY_UNIT(ID,ARMY_ID,UNIT_NAME,NUM_UNITS)VALUES(61,6,'Dwarfs:Runesmith',1);
INSERT INTO ARMY_UNIT_EQUIPMENT(ARMY_UNIT_ID,EQUIPMENT_ID)VALUES(61,170);
INSERT INTO ARMY_UNIT_EQUIPMENT(ARMY_UNIT_ID,EQUIPMENT_ID)VALUES(61,316);
INSERT INTO ARMY_UNIT_EQUIPMENT(ARMY_UNIT_ID,EQUIPMENT_ID)VALUES(61,323);
INSERT INTO ARMY_UNIT(ID,ARMY_ID,UNIT_NAME,NUM_UNITS)VALUES(62,6,'Dwarfs:Thane',1);
INSERT INTO ARMY_UNIT_EQUIPMENT(ARMY_UNIT_ID,EQUIPMENT_ID)VALUES(62,198);
INSERT INTO ARMY_UNIT_EQUIPMENT(ARMY_UNIT_ID,EQUIPMENT_ID)VALUES(62,305);
INSERT INTO ARMY_UNIT(ID,ARMY_ID,UNIT_NAME,NUM_UNITS)VALUES(63,6,'Dwarfs:Dwarf warriors',25);
INSERT INTO ARMY_UNIT_UTILITY(ARMY_UNIT_ID,UTILITY_ID)VALUES(63,57);
INSERT INTO ARMY_UNIT_EQUIPMENT(ARMY_UNIT_ID,EQUIPMENT_ID)VALUES(63,351);
INSERT INTO ARMY_UNIT_EQUIPMENT(ARMY_UNIT_ID,EQUIPMENT_ID)VALUES(63,188);
INSERT INTO ARMY_UNIT_EQUIPMENT(ARMY_UNIT_ID,EQUIPMENT_ID)VALUES(63,189);
INSERT INTO ARMY_UNIT(ID,ARMY_ID,UNIT_NAME,NUM_UNITS)VALUES(64,6,'Dwarfs:Longbeards',25);
INSERT INTO ARMY_UNIT_UTILITY(ARMY_UNIT_ID,UTILITY_ID)VALUES(64,57);
INSERT INTO ARMY_UNIT_EQUIPMENT(ARMY_UNIT_ID,EQUIPMENT_ID)VALUES(64,188);
INSERT INTO ARMY_UNIT_EQUIPMENT(ARMY_UNIT_ID,EQUIPMENT_ID)VALUES(64,189);
INSERT INTO ARMY_UNIT_EQUIPMENT(ARMY_UNIT_ID,EQUIPMENT_ID)VALUES(64,187);
INSERT INTO ARMY_UNIT(ID,ARMY_ID,UNIT_NAME,NUM_UNITS)VALUES(65,6,'Dwarfs:Thunderers',10);
INSERT INTO ARMY_UNIT_EQUIPMENT(ARMY_UNIT_ID,EQUIPMENT_ID)VALUES(65,187);
INSERT INTO ARMY_UNIT(ID,ARMY_ID,UNIT_NAME,NUM_UNITS)VALUES(66,6,'Dwarfs:Hammerers',20);
INSERT INTO ARMY_UNIT_UTILITY(ARMY_UNIT_ID,UTILITY_ID)VALUES(66,66);
INSERT INTO ARMY_UNIT_EQUIPMENT(ARMY_UNIT_ID,EQUIPMENT_ID)VALUES(66,192);
INSERT INTO ARMY_UNIT_EQUIPMENT(ARMY_UNIT_ID,EQUIPMENT_ID)VALUES(66,193);
INSERT INTO ARMY_UNIT_EQUIPMENT(ARMY_UNIT_ID,EQUIPMENT_ID)VALUES(66,306);
INSERT INTO ARMY_UNIT(ID,ARMY_ID,UNIT_NAME,NUM_UNITS)VALUES(67,6,'Dwarfs:Ironbreaker',20);
INSERT INTO ARMY_UNIT_UTILITY(ARMY_UNIT_ID,UTILITY_ID)VALUES(67,62);
INSERT INTO ARMY_UNIT_EQUIPMENT(ARMY_UNIT_ID,EQUIPMENT_ID)VALUES(67,312);
INSERT INTO ARMY_UNIT_EQUIPMENT(ARMY_UNIT_ID,EQUIPMENT_ID)VALUES(67,192);
INSERT INTO ARMY_UNIT_EQUIPMENT(ARMY_UNIT_ID,EQUIPMENT_ID)VALUES(67,193);
INSERT INTO ARMY_UNIT(ID,ARMY_ID,UNIT_NAME,NUM_UNITS)VALUES(68,6,'Dwarfs:Cannon',1);
INSERT INTO ARMY_UNIT_UTILITY(ARMY_UNIT_ID,UTILITY_ID)VALUES(68,71);
INSERT INTO ARMY_UNIT_EQUIPMENT(ARMY_UNIT_ID,EQUIPMENT_ID)VALUES(68,340);
INSERT INTO ARMY_UNIT_EQUIPMENT(ARMY_UNIT_ID,EQUIPMENT_ID)VALUES(68,329);
INSERT INTO ARMY_UNIT(ID,ARMY_ID,UNIT_NAME,NUM_UNITS)VALUES(69,6,'Dwarfs:Organ Gun',1);
INSERT INTO ARMY_UNIT_UTILITY(ARMY_UNIT_ID,UTILITY_ID)VALUES(69,71);
INSERT INTO ARMY_UNIT(ID,ARMY_ID,UNIT_NAME,NUM_UNITS)VALUES(70,6,'Dwarfs:Grudge Thrower',1);
INSERT INTO ARMY_UNIT_UTILITY(ARMY_UNIT_ID,UTILITY_ID)VALUES(70,71);
INSERT INTO ARMY_UNIT_EQUIPMENT(ARMY_UNIT_ID,EQUIPMENT_ID)VALUES(70,333);
INSERT INTO ARMY_UNIT_EQUIPMENT(ARMY_UNIT_ID,EQUIPMENT_ID)VALUES(70,335);
INSERT INTO ARMY_UNIT(ID,ARMY_ID,UNIT_NAME,NUM_UNITS)VALUES(95,6,'Dwarfs:Miners',10);
INSERT INTO ARMY_UNIT_UTILITY(ARMY_UNIT_ID,UTILITY_ID)VALUES(95,188);
INSERT INTO ARMY_UNIT_EQUIPMENT(ARMY_UNIT_ID,EQUIPMENT_ID)VALUES(95,189);

