INSERT INTO ARMIES(ID,PLAYER_RACE,ARMY_POINTS)VALUES(5,'High_Elves',1750);
INSERT INTO ARMY_UNIT(ID,ARMY_ID,UNIT_NAME,NUM_UNITS)VALUES(52,5,'High_Elves:Archmage',1);
INSERT INTO ARMY_UNIT_UTILITY(ARMY_UNIT_ID,UTILITY_ID)VALUES(52,31);
INSERT INTO ARMY_UNIT_EQUIPMENT(ARMY_UNIT_ID,EQUIPMENT_ID)VALUES(52,169);
INSERT INTO ARMY_UNIT_EQUIPMENT(ARMY_UNIT_ID,EQUIPMENT_ID)VALUES(52,46);
INSERT INTO ARMY_UNIT(ID,ARMY_ID,UNIT_NAME,NUM_UNITS)VALUES(53,5,'High_Elves:Noble',1);
INSERT INTO ARMY_UNIT_UTILITY(ARMY_UNIT_ID,UTILITY_ID)VALUES(53,47);
INSERT INTO ARMY_UNIT_EQUIPMENT(ARMY_UNIT_ID,EQUIPMENT_ID)VALUES(53,198);
INSERT INTO ARMY_UNIT_EQUIPMENT(ARMY_UNIT_ID,EQUIPMENT_ID)VALUES(53,271);
INSERT INTO ARMY_UNIT_EQUIPMENT(ARMY_UNIT_ID,EQUIPMENT_ID)VALUES(53,264);
INSERT INTO ARMY_UNIT_EQUIPMENT(ARMY_UNIT_ID,EQUIPMENT_ID)VALUES(53,177);
INSERT INTO ARMY_UNIT(ID,ARMY_ID,UNIT_NAME,NUM_UNITS)VALUES(54,5,'High_Elves:Korhil',1);
INSERT INTO ARMY_UNIT(ID,ARMY_ID,UNIT_NAME,NUM_UNITS)VALUES(55,5,'High_Elves:Spearmen',30);
INSERT INTO ARMY_UNIT(ID,ARMY_ID,UNIT_NAME,NUM_UNITS)VALUES(56,5,'High_Elves:Archers',10);
INSERT INTO ARMY_UNIT(ID,ARMY_ID,UNIT_NAME,NUM_UNITS)VALUES(57,5,'High_Elves:Sword Masters of Hoeth',18);
INSERT INTO ARMY_UNIT_UTILITY(ARMY_UNIT_ID,UTILITY_ID)VALUES(57,44);
INSERT INTO ARMY_UNIT_EQUIPMENT(ARMY_UNIT_ID,EQUIPMENT_ID)VALUES(57,192);
INSERT INTO ARMY_UNIT_EQUIPMENT(ARMY_UNIT_ID,EQUIPMENT_ID)VALUES(57,193);
INSERT INTO ARMY_UNIT_EQUIPMENT(ARMY_UNIT_ID,EQUIPMENT_ID)VALUES(57,227);
INSERT INTO ARMY_UNIT(ID,ARMY_ID,UNIT_NAME,NUM_UNITS)VALUES(58,5,'High_Elves:Phoenix Guard',14);
INSERT INTO ARMY_UNIT_UTILITY(ARMY_UNIT_ID,UTILITY_ID)VALUES(58,45);
INSERT INTO ARMY_UNIT_EQUIPMENT(ARMY_UNIT_ID,EQUIPMENT_ID)VALUES(58,192);
INSERT INTO ARMY_UNIT_EQUIPMENT(ARMY_UNIT_ID,EQUIPMENT_ID)VALUES(58,193);
INSERT INTO ARMY_UNIT_EQUIPMENT(ARMY_UNIT_ID,EQUIPMENT_ID)VALUES(58,71);
INSERT INTO ARMY_UNIT(ID,ARMY_ID,UNIT_NAME,NUM_UNITS)VALUES(59,5,'High_Elves:Great Eagle',1);
