INSERT INTO ARMIES(ID,PLAYER_RACE,ARMY_POINTS)VALUES(3,'High_Elves',2500);
INSERT INTO ARMY_UNIT(ID,ARMY_ID,UNIT_NAME,NUM_UNITS)VALUES(27,3,'High_Elves:Teclis',1);
INSERT INTO ARMY_UNIT(ID,ARMY_ID,UNIT_NAME,NUM_UNITS)VALUES(28,3,'High_Elves:Korhil',1);
INSERT INTO ARMY_UNIT(ID,ARMY_ID,UNIT_NAME,NUM_UNITS)VALUES(29,3,'High_Elves:Caradryan',1);
INSERT INTO ARMY_UNIT(ID,ARMY_ID,UNIT_NAME,NUM_UNITS)VALUES(30,3,'High_Elves:Spearmen',33);
INSERT INTO ARMY_UNIT_UTILITY(ARMY_UNIT_ID,UTILITY_ID)VALUES(30,42);
INSERT INTO ARMY_UNIT_EQUIPMENT(ARMY_UNIT_ID,EQUIPMENT_ID)VALUES(30,188);
INSERT INTO ARMY_UNIT_EQUIPMENT(ARMY_UNIT_ID,EQUIPMENT_ID)VALUES(30,189);
INSERT INTO ARMY_UNIT(ID,ARMY_ID,UNIT_NAME,NUM_UNITS)VALUES(31,3,'High_Elves:Spearmen',32);
INSERT INTO ARMY_UNIT(ID,ARMY_ID,UNIT_NAME,NUM_UNITS)VALUES(32,3,'High_Elves:Sword Masters of Hoeth',18);
INSERT INTO ARMY_UNIT_UTILITY(ARMY_UNIT_ID,UTILITY_ID)VALUES(32,44);
INSERT INTO ARMY_UNIT_EQUIPMENT(ARMY_UNIT_ID,EQUIPMENT_ID)VALUES(32,192);
INSERT INTO ARMY_UNIT_EQUIPMENT(ARMY_UNIT_ID,EQUIPMENT_ID)VALUES(32,193);
INSERT INTO ARMY_UNIT_EQUIPMENT(ARMY_UNIT_ID,EQUIPMENT_ID)VALUES(32,226);
INSERT INTO ARMY_UNIT(ID,ARMY_ID,UNIT_NAME,NUM_UNITS)VALUES(33,3,'High_Elves:Sword Masters of Hoeth',18);
INSERT INTO ARMY_UNIT_UTILITY(ARMY_UNIT_ID,UTILITY_ID)VALUES(33,44);
INSERT INTO ARMY_UNIT_EQUIPMENT(ARMY_UNIT_ID,EQUIPMENT_ID)VALUES(33,192);
INSERT INTO ARMY_UNIT_EQUIPMENT(ARMY_UNIT_ID,EQUIPMENT_ID)VALUES(33,193);
INSERT INTO ARMY_UNIT(ID,ARMY_ID,UNIT_NAME,NUM_UNITS)VALUES(34,3,'High_Elves:Repeater Bolt Thrower',1);
INSERT INTO ARMY_UNIT_UTILITY(ARMY_UNIT_ID,UTILITY_ID)VALUES(34,56);
INSERT INTO ARMY_UNIT(ID,ARMY_ID,UNIT_NAME,NUM_UNITS)VALUES(35,3,'High_Elves:Repeater Bolt Thrower',1);
INSERT INTO ARMY_UNIT_UTILITY(ARMY_UNIT_ID,UTILITY_ID)VALUES(35,56);
INSERT INTO ARMY_UNIT(ID,ARMY_ID,UNIT_NAME,NUM_UNITS)VALUES(36,3,'High_Elves:Great Eagle',1);
INSERT INTO ARMY_UNIT(ID,ARMY_ID,UNIT_NAME,NUM_UNITS)VALUES(37,3,'High_Elves:Great Eagle',1);
INSERT INTO ARMY_UNIT(ID,ARMY_ID,UNIT_NAME,NUM_UNITS)VALUES(38,3,'High_Elves:Noble',1);
INSERT INTO ARMY_UNIT_EQUIPMENT(ARMY_UNIT_ID,EQUIPMENT_ID)VALUES(38,198);
INSERT INTO ARMY_UNIT_EQUIPMENT(ARMY_UNIT_ID,EQUIPMENT_ID)VALUES(38,213);
