INSERT INTO ARMIES(ID,PLAYER_RACE,ARMY_POINTS)VALUES(4,'High_Elves',2500);
INSERT INTO ARMY_UNIT(ID,ARMY_ID,UNIT_NAME,NUM_UNITS)VALUES(39,4,'High_Elves:Archmage',1);
INSERT INTO ARMY_UNIT_EQUIPMENT(ARMY_UNIT_ID,EQUIPMENT_ID)VALUES(39,169);
INSERT INTO ARMY_UNIT_EQUIPMENT(ARMY_UNIT_ID,EQUIPMENT_ID)VALUES(39,231);
INSERT INTO ARMY_UNIT(ID,ARMY_ID,UNIT_NAME,NUM_UNITS)VALUES(40,4,'High_Elves:Prince',1);
INSERT INTO ARMY_UNIT_EQUIPMENT(ARMY_UNIT_ID,EQUIPMENT_ID)VALUES(40,257);
INSERT INTO ARMY_UNIT_EQUIPMENT(ARMY_UNIT_ID,EQUIPMENT_ID)VALUES(40,213);
INSERT INTO ARMY_UNIT_EQUIPMENT(ARMY_UNIT_ID,EQUIPMENT_ID)VALUES(40,200);
INSERT INTO ARMY_UNIT(ID,ARMY_ID,UNIT_NAME,NUM_UNITS)VALUES(41,4,'High_Elves:Noble',1);
INSERT INTO ARMY_UNIT_EQUIPMENT(ARMY_UNIT_ID,EQUIPMENT_ID)VALUES(41,198);
INSERT INTO ARMY_UNIT_EQUIPMENT(ARMY_UNIT_ID,EQUIPMENT_ID)VALUES(41,170);
INSERT INTO ARMY_UNIT_EQUIPMENT(ARMY_UNIT_ID,EQUIPMENT_ID)VALUES(41,270);
INSERT INTO ARMY_UNIT_EQUIPMENT(ARMY_UNIT_ID,EQUIPMENT_ID)VALUES(41,104);
INSERT INTO ARMY_UNIT_EQUIPMENT(ARMY_UNIT_ID,EQUIPMENT_ID)VALUES(41,221);
INSERT INTO ARMY_UNIT(ID,ARMY_ID,UNIT_NAME,NUM_UNITS)VALUES(42,4,'High_Elves:Archers',10);
INSERT INTO ARMY_UNIT(ID,ARMY_ID,UNIT_NAME,NUM_UNITS)VALUES(43,4,'High_Elves:Archers',10);
INSERT INTO ARMY_UNIT(ID,ARMY_ID,UNIT_NAME,NUM_UNITS)VALUES(44,4,'High_Elves:Spearmen',27);
INSERT INTO ARMY_UNIT_EQUIPMENT(ARMY_UNIT_ID,EQUIPMENT_ID)VALUES(44,188);
INSERT INTO ARMY_UNIT_EQUIPMENT(ARMY_UNIT_ID,EQUIPMENT_ID)VALUES(44,189);
INSERT INTO ARMY_UNIT(ID,ARMY_ID,UNIT_NAME,NUM_UNITS)VALUES(45,4,'High_Elves:Lothern Sea Guard',10);
INSERT INTO ARMY_UNIT(ID,ARMY_ID,UNIT_NAME,NUM_UNITS)VALUES(46,4,'High_Elves:Lion Chariot of Chrace',1);
INSERT INTO ARMY_UNIT_UTILITY(ARMY_UNIT_ID,UTILITY_ID)VALUES(46,53);
INSERT INTO ARMY_UNIT_UTILITY(ARMY_UNIT_ID,UTILITY_ID)VALUES(46,55);
INSERT INTO ARMY_UNIT(ID,ARMY_ID,UNIT_NAME,NUM_UNITS)VALUES(47,4,'High_Elves:Sword Masters of Hoeth',18);
INSERT INTO ARMY_UNIT_UTILITY(ARMY_UNIT_ID,UTILITY_ID)VALUES(47,44);
INSERT INTO ARMY_UNIT_EQUIPMENT(ARMY_UNIT_ID,EQUIPMENT_ID)VALUES(47,192);
INSERT INTO ARMY_UNIT_EQUIPMENT(ARMY_UNIT_ID,EQUIPMENT_ID)VALUES(47,193);
INSERT INTO ARMY_UNIT_EQUIPMENT(ARMY_UNIT_ID,EQUIPMENT_ID)VALUES(47,73);
INSERT INTO ARMY_UNIT_EQUIPMENT(ARMY_UNIT_ID,EQUIPMENT_ID)VALUES(47,254);
INSERT INTO ARMY_UNIT(ID,ARMY_ID,UNIT_NAME,NUM_UNITS)VALUES(48,4,'High_Elves:Phoenix Guard',14);
INSERT INTO ARMY_UNIT_UTILITY(ARMY_UNIT_ID,UTILITY_ID)VALUES(48,45);
INSERT INTO ARMY_UNIT_EQUIPMENT(ARMY_UNIT_ID,EQUIPMENT_ID)VALUES(48,192);
INSERT INTO ARMY_UNIT_EQUIPMENT(ARMY_UNIT_ID,EQUIPMENT_ID)VALUES(48,193);
INSERT INTO ARMY_UNIT_EQUIPMENT(ARMY_UNIT_ID,EQUIPMENT_ID)VALUES(48,226);
INSERT INTO ARMY_UNIT(ID,ARMY_ID,UNIT_NAME,NUM_UNITS)VALUES(49,4,'High_Elves:Dragon Princes of Caledor',6);
INSERT INTO ARMY_UNIT(ID,ARMY_ID,UNIT_NAME,NUM_UNITS)VALUES(50,4,'High_Elves:Ellyrian Reavers',5);
INSERT INTO ARMY_UNIT_EQUIPMENT(ARMY_UNIT_ID,EQUIPMENT_ID)VALUES(50,275);
INSERT INTO ARMY_UNIT_EQUIPMENT(ARMY_UNIT_ID,EQUIPMENT_ID)VALUES(50,194);
INSERT INTO ARMY_UNIT(ID,ARMY_ID,UNIT_NAME,NUM_UNITS)VALUES(51,4,'High_Elves:Great Eagle',1);
